points,pass_atts,pass_cmps,pass_yds,pass_tds,pass_ints,pass_2pts,rush_atts,rush_yds,rush_tds,rush_2pts,recs,rec_yds,rec_tds,rec_2pts,fumbles_lost,is_QB,is_RB,is_WR,is_TE,prev_points
380.00,583,400,"4,659",37,11,1,23,6,0,0,0,0,0,0,2,1,0,0,0,522.00
424.00,670,422,"5,177",43,19,0,15,5,1,0,0,0,0,0,1,1,0,0,0,428.00
297.00,528,329,"3,669",27,16,0,47,120,4,0,0,0,0,0,4,1,0,0,0,346.00
259.00,527,338,"3,606",26,15,0,27,40,0,0,0,0,0,0,7,1,0,0,0,342.00
350.00,485,280,"3,869",19,12,0,127,741,8,0,0,6,0,0,3,1,0,0,0,331.00
308.00,727,435,"4,967",20,17,1,35,126,4,0,1,3,0,0,4,1,0,0,0,329.00
315.00,627,339,"4,374",23,18,0,62,255,5,0,0,0,0,0,5,1,0,0,0,327.00
331.00,648,425,"4,903",28,19,1,30,49,1,1,1,-1,0,0,3,1,0,0,0,315.00
314.00,393,252,"3,118",26,10,0,94,489,4,0,0,0,0,0,3,1,0,0,0,313.00
269.00,449,284,"3,265",26,8,1,26,92,0,0,0,0,0,0,3,1,0,0,0,310.00
97.00,265,161,"1,699",6,5,0,11,42,1,0,0,0,0,0,3,1,0,0,0,307.00
186.00,218,136,"1,814",10,3,0,63,415,5,0,0,0,0,0,2,1,0,0,0,299.00
357.00,615,422,"4,719",32,14,0,34,141,1,0,0,0,0,0,2,1,0,0,0,295.00
397.00,637,401,"4,827",34,8,0,23,32,4,0,0,0,0,0,0,1,0,0,0,294.00
142.00,218,153,"1,737",13,5,0,31,132,0,0,0,0,0,0,1,1,0,0,0,288.00
199.00,484,282,"3,294",12,13,2,49,211,2,0,0,0,0,0,4,1,0,0,0,278.00
263.00,565,345,"4,018",22,14,2,18,36,1,0,0,0,0,0,5,1,0,0,0,260.00
345.00,393,258,"3,200",20,5,0,120,815,7,0,0,0,0,0,2,1,0,0,0,236.00
275.00,531,317,"3,817",22,10,1,32,22,3,0,0,0,0,0,4,1,0,0,0,234.00
275.00,531,317,"3,817",22,10,1,32,22,3,0,0,0,0,0,4,1,0,0,0,234.00
214.00,434,255,"3,033",19,14,0,41,233,0,0,0,0,0,0,4,1,0,0,0,201.00
277.00,536,321,"3,948",26,15,0,20,30,0,0,0,0,0,0,1,1,0,0,0,200.00
412.00,552,371,"4,295",39,8,1,54,259,2,0,1,-1,0,0,4,1,0,0,0,196.00
412.00,552,371,"4,295",39,8,1,54,259,2,0,1,-1,0,0,4,1,0,0,0,196.00
255.00,505,306,"3,400",24,16,0,48,197,1,0,0,0,0,0,6,1,0,0,0,189.00
130.00,308,166,"2,084",11,11,0,19,64,1,0,1,-6,0,0,2,1,0,0,0,178.00
130.00,308,166,"2,084",11,11,0,19,64,1,0,1,-6,0,0,2,1,0,0,0,178.00
130.00,308,166,"2,084",11,11,0,19,64,1,0,1,-6,0,0,2,1,0,0,0,178.00
263.00,551,328,"3,702",21,13,4,37,127,1,0,0,0,0,0,1,1,0,0,0,143.00
18.00,51,32,265,2,2,0,7,28,0,0,0,0,0,0,0,1,0,0,0,131.00
91.00,277,161,"1,796",6,12,0,27,145,1,0,0,0,0,0,7,1,0,0,0,122.00
263.00,544,350,"4,008",22,12,0,21,-9,0,0,1,-6,0,0,0,1,0,0,0,118.00
222.00,483,300,"2,935",18,12,1,60,253,2,0,1,-15,0,0,5,1,0,0,0,118.00
222.00,483,300,"2,935",18,12,1,60,253,2,0,1,-15,0,0,5,1,0,0,0,118.00
169.00,351,204,"2,362",12,10,0,62,332,1,0,0,0,0,0,5,1,0,0,0,109.00
148.00,314,177,"2,176",10,11,0,41,291,1,0,0,0,0,0,4,1,0,0,0,109.00
183.00,517,297,"3,385",14,17,0,27,111,0,0,0,-9,0,0,1,1,0,0,0,104.00
-1.00,3,1,39,0,1,0,2,5,0,0,0,0,0,0,0,1,0,0,0,99.00
-1.00,3,1,39,0,1,0,2,5,0,0,0,0,0,0,0,1,0,0,0,99.00
2.00,9,5,68,0,0,0,4,-5,0,0,0,0,0,0,0,1,0,0,0,88.00
12.00,32,22,204,1,1,0,1,3,0,0,0,0,0,0,0,1,0,0,0,65.00
15.00,53,30,330,1,2,0,1,6,0,0,0,0,0,0,0,1,0,0,0,48.00
40.00,48,33,466,4,3,0,3,22,0,1,0,0,0,0,0,1,0,0,0,40.00
40.00,48,33,466,4,3,0,3,22,0,1,0,0,0,0,0,1,0,0,0,40.00
289.00,558,306,"4,065",27,17,1,39,139,0,0,0,0,0,0,2,1,0,0,0,33.00
11.00,10,9,89,1,0,1,0,0,0,0,0,0,0,0,0,1,0,0,0,23.00
1.00,1,1,10,0,0,0,3,17,0,0,0,0,0,0,0,1,0,0,0,18.00
1.00,1,1,10,0,0,0,3,17,0,0,0,0,0,0,0,1,0,0,0,18.00
1.00,1,1,10,0,0,0,3,17,0,0,0,0,0,0,0,1,0,0,0,18.00
108.00,278,162,"1,662",9,6,2,18,56,0,0,0,0,0,0,3,1,0,0,0,12.00
108.00,278,162,"1,662",9,6,2,18,56,0,0,0,0,0,0,3,1,0,0,0,12.00
0.00,0,0,0,0,0,0,1,-1,0,0,0,0,0,0,0,1,0,0,0,7.00
0.00,0,0,0,0,0,0,1,-1,0,0,0,0,0,0,0,1,0,0,0,7.00
16.00,29,17,179,0,1,0,14,73,1,0,0,0,0,0,0,1,0,0,0,3.00
0.00,4,2,12,0,0,0,8,-13,0,0,0,0,0,0,0,1,0,0,0,3.00
0.00,4,2,12,0,0,0,8,-13,0,0,0,0,0,0,0,1,0,0,0,3.00
88.00,221,138,"1,367",7,5,1,13,38,0,0,0,0,0,0,1,1,0,0,0,2.00
88.00,221,138,"1,367",7,5,1,13,38,0,0,0,0,0,0,1,1,0,0,0,2.00
-1.00,0,0,0,0,0,0,0,0,0,0,0,0,0,0,1,1,0,0,0,1.00
-1.00,0,0,0,0,0,0,0,0,0,0,0,0,0,0,1,1,0,0,0,1.00
10.00,17,9,79,1,0,0,4,15,0,0,0,0,0,0,0,1,0,0,0,0.00
0.00,0,0,0,0,0,0,2,-3,0,0,0,0,0,0,0,1,0,0,0,0.00
18.00,13,10,172,2,0,0,1,-1,0,0,0,0,0,0,0,1,0,0,0,0.00
1.00,4,4,58,0,0,0,0,0,0,0,0,0,0,0,0,1,0,0,0,0.00
3.00,10,4,38,0,1,0,2,-1,1,0,0,0,0,0,1,1,0,0,0,-1.00
11.00,19,11,131,1,0,0,5,-3,0,0,0,0,0,0,0,1,0,0,0,-2.00
11.00,19,11,131,1,0,0,5,-3,0,0,0,0,0,0,0,1,0,0,0,-2.00
327.00,570,343,"3,822",23,9,4,63,377,4,0,0,0,0,0,2,1,0,0,0,422.00
196.00,290,193,"2,536",17,6,0,30,120,0,0,0,0,0,0,0,1,0,0,0,420.00
522.00,659,450,"5,477",55,10,0,32,-31,1,0,0,0,0,0,6,1,0,0,0,387.00
310.00,584,375,"4,261",28,14,0,27,99,1,0,0,5,0,0,6,1,0,0,0,364.00
428.00,650,446,"5,162",39,12,0,35,52,3,0,0,0,0,0,2,1,0,0,0,360.00
313.00,407,257,"3,357",26,9,0,96,539,1,0,0,0,0,0,5,1,0,0,0,353.00
294.00,628,380,"4,343",25,11,2,32,18,0,0,0,0,0,0,3,1,0,0,0,336.00
315.00,535,342,"3,828",31,10,1,20,38,0,0,0,0,0,0,1,1,0,0,0,329.00
200.00,551,317,"3,818",18,27,0,18,36,0,0,0,0,0,0,2,1,0,0,0,327.00
295.00,651,439,"4,515",26,17,0,17,55,0,0,0,0,0,0,4,1,0,0,0,326.00
278.00,588,355,"3,913",24,17,0,40,238,1,0,0,0,0,0,5,1,0,0,0,323.00
342.00,544,378,"4,478",32,11,0,28,72,0,0,0,-9,0,0,2,1,0,0,0,318.00
201.00,355,224,"2,621",19,12,3,23,118,0,0,0,0,0,0,3,1,0,0,0,306.00
234.00,614,362,"3,912",19,22,2,27,131,1,0,0,0,0,0,2,1,0,0,0,303.00
329.00,634,371,"4,650",29,19,2,37,69,2,0,0,0,0,0,4,1,0,0,0,284.00
331.00,473,292,"3,379",24,13,0,111,585,6,0,0,0,0,0,1,1,0,0,0,278.00
299.00,416,243,"3,197",21,8,0,92,524,4,0,0,0,0,0,4,1,0,0,0,277.00
346.00,586,363,"4,293",33,20,0,61,183,2,0,0,0,0,0,3,1,0,0,0,251.00
288.00,508,308,"3,313",23,7,0,76,431,1,0,1,-4,0,0,3,1,0,0,0,242.00
288.00,508,308,"3,313",23,7,0,76,431,1,0,1,-4,0,0,3,1,0,0,0,242.00
23.00,51,33,398,2,2,0,1,8,0,0,0,0,0,0,0,1,0,0,0,210.00
189.00,350,217,"2,454",14,12,0,43,225,3,0,1,0,0,0,2,1,0,0,0,206.00
189.00,350,217,"2,454",14,12,0,43,225,3,0,1,0,0,0,2,1,0,0,0,206.00
189.00,350,217,"2,454",14,12,0,43,225,3,0,1,0,0,0,2,1,0,0,0,206.00
48.00,96,57,615,5,3,0,6,16,0,0,0,0,0,0,0,1,0,0,0,173.00
208.00,443,247,"3,046",12,21,0,72,366,6,0,1,13,0,0,4,1,0,0,0,168.00
208.00,443,247,"3,046",12,21,0,72,366,6,0,1,13,0,0,4,1,0,0,0,168.00
158.00,224,149,"1,829",13,1,1,13,69,1,0,0,0,0,0,1,1,0,0,0,144.00
307.00,317,203,"2,891",27,2,2,57,221,3,0,0,0,0,0,2,1,0,0,0,142.00
307.00,317,203,"2,891",27,2,2,57,221,3,0,0,0,0,0,2,1,0,0,0,142.00
260.00,572,362,"4,274",24,22,0,27,3,0,0,0,0,0,0,3,1,0,0,0,124.00
40.00,155,81,854,4,7,0,4,14,0,0,0,0,0,0,2,1,0,0,0,108.00
194.00,416,247,"2,608",19,9,0,27,37,0,0,0,0,0,0,4,1,0,0,0,104.00
0.00,0,0,0,0,0,0,2,-2,0,0,0,0,0,0,0,1,0,0,0,103.00
0.00,0,0,0,0,0,0,2,-2,0,0,0,0,0,0,0,1,0,0,0,103.00
0.00,0,0,0,0,0,0,6,-5,0,0,0,0,0,0,0,1,0,0,0,96.00
236.00,456,274,"3,203",16,12,1,86,489,0,1,0,0,0,0,4,1,0,0,0,93.00
236.00,456,274,"3,203",16,12,1,86,489,0,1,0,0,0,0,4,1,0,0,0,93.00
109.00,183,111,"1,256",8,4,0,24,155,2,0,0,0,0,0,1,1,0,0,0,69.00
0.00,1,1,13,0,0,0,6,-6,0,0,0,0,0,0,0,1,0,0,0,67.00
149.00,306,180,"1,972",11,9,2,53,186,2,0,0,0,0,0,3,1,0,0,0,65.00
0.00,0,0,0,0,0,0,5,0,0,0,0,0,0,0,0,1,0,0,0,58.00
109.00,141,77,"1,215",5,3,0,36,306,2,0,0,-2,0,0,2,1,0,0,0,45.00
178.00,503,305,"3,241",13,14,0,27,77,0,0,0,0,0,0,0,1,0,0,0,34.00
122.00,254,153,"1,807",11,9,0,18,57,1,0,0,0,0,0,1,1,0,0,0,27.00
117.00,253,137,"1,760",9,6,0,14,72,1,0,0,0,0,0,2,1,0,0,0,26.00
117.00,253,137,"1,760",9,6,0,14,72,1,0,0,0,0,0,2,1,0,0,0,26.00
104.00,267,141,"1,731",9,9,1,12,44,0,0,0,0,0,0,2,1,0,0,0,24.00
104.00,267,141,"1,731",9,9,1,12,44,0,0,0,0,0,0,2,1,0,0,0,24.00
2.00,12,7,130,0,1,0,2,-2,0,0,0,0,0,0,0,1,0,0,0,22.00
2.00,12,7,130,0,1,0,2,-2,0,0,0,0,0,0,0,1,0,0,0,22.00
2.00,12,7,130,0,1,0,2,-2,0,0,0,0,0,0,0,1,0,0,0,22.00
118.00,239,152,"1,648",7,9,0,34,151,4,0,0,0,0,0,4,1,0,0,0,11.00
118.00,239,152,"1,648",7,9,0,34,151,4,0,0,0,0,0,4,1,0,0,0,11.00
3.00,16,11,95,0,0,0,3,2,0,0,0,0,0,0,0,1,0,0,0,7.00
91.00,211,118,"1,547",8,8,0,11,27,0,0,0,0,0,0,1,1,0,0,0,7.00
12.00,86,42,481,1,7,0,9,32,0,0,0,0,0,0,0,1,0,0,0,7.00
18.00,38,25,248,1,1,0,14,52,0,0,0,0,0,0,0,1,0,0,0,7.00
18.00,38,25,248,1,1,0,14,52,0,0,0,0,0,0,0,1,0,0,0,7.00
7.00,0,0,0,0,0,0,0,0,0,0,5,33,0,0,0,1,0,0,0,2.00
7.00,0,0,0,0,0,0,0,0,0,0,5,33,0,0,0,1,0,0,0,2.00
7.00,0,0,0,0,0,0,0,0,0,0,5,33,0,0,0,1,0,0,0,2.00
11.00,31,16,156,1,1,0,5,37,0,0,0,0,0,0,1,1,0,0,0,1.00
131.00,317,180,"2,015",11,8,0,14,107,0,0,0,0,0,0,2,1,0,0,0,1.00
-1.00,22,15,113,0,2,0,1,0,0,0,0,0,0,0,0,1,0,0,0,0.00
3.00,5,1,2,0,1,0,8,64,0,0,1,6,0,0,0,1,0,0,0,0.00
3.00,5,1,2,0,1,0,8,64,0,0,1,6,0,0,0,1,0,0,0,0.00
-2.00,6,2,53,0,2,0,0,0,0,0,0,0,0,0,0,1,0,0,0,0.00
17.00,13,10,151,1,0,0,4,1,1,0,0,0,0,0,0,1,0,0,0,0.00
17.00,13,10,151,1,0,0,4,1,1,0,0,0,0,0,0,1,0,0,0,0.00
99.00,242,142,"1,673",8,7,1,23,64,0,0,0,0,0,0,4,1,0,0,0,0.00
2.00,49,30,300,0,4,0,2,-2,0,0,0,0,0,0,1,1,0,0,0,0.00
88.00,200,124,"1,392",8,5,0,20,65,0,0,0,0,0,0,6,1,0,0,0,-2.00
118.00,358,219,"2,310",10,14,0,5,24,0,0,0,0,0,0,1,1,0,0,0,-3.00
278.00,448,262,"3,127",18,12,1,103,539,5,0,0,0,0,0,5,1,0,0,0,447.00
336.00,582,373,"4,109",33,9,0,36,57,0,0,0,0,0,0,3,1,0,0,0,410.00
353.00,452,285,"3,475",20,7,0,118,849,6,0,1,17,0,0,0,1,0,0,0,393.00
178.00,475,280,"2,908",11,17,1,56,419,0,0,0,0,0,0,1,1,0,0,0,377.00
124.00,224,141,"1,626",11,3,0,8,25,0,0,0,0,0,0,1,1,0,0,0,372.00
360.00,659,456,"4,952",33,17,0,27,68,1,0,1,1,0,0,3,1,0,0,0,365.00
420.00,520,341,"4,381",38,5,1,43,269,2,0,0,0,0,0,2,1,0,0,0,352.00
327.00,601,379,"4,410",30,14,0,12,31,1,0,0,0,0,0,4,1,0,0,0,352.00
284.00,602,363,"4,257",22,12,1,43,93,2,0,0,0,0,0,3,1,0,0,0,347.00
108.00,204,126,"1,710",10,9,0,7,20,0,0,0,0,0,0,2,1,0,0,0,344.00
318.00,570,379,"4,286",31,18,0,37,102,0,0,0,0,0,0,2,1,0,0,0,337.00
206.00,312,197,"2,483",17,8,0,50,184,2,0,0,0,0,0,1,1,0,0,0,336.00
224.00,599,348,"3,270",21,12,0,29,92,0,0,0,0,0,0,4,1,0,0,0,329.00
224.00,599,348,"3,270",21,12,0,29,92,0,0,0,0,0,0,4,1,0,0,0,329.00
0.00,0,0,0,0,0,0,4,-3,0,0,0,0,0,0,0,1,0,0,0,300.00
242.00,464,303,"3,265",18,6,0,49,254,1,0,0,0,0,0,1,1,0,0,0,299.00
323.00,590,392,"4,045",27,12,0,56,311,1,0,1,-4,0,0,2,1,0,0,0,297.00
251.00,481,309,"3,398",19,17,1,60,169,4,0,1,18,1,0,2,1,0,0,0,286.00
326.00,628,415,"4,694",28,14,1,29,145,0,0,0,0,0,0,2,1,0,0,0,271.00
364.00,608,408,"4,952",32,9,3,33,27,0,0,0,-6,0,0,5,1,0,0,0,264.00
306.00,561,370,"3,812",28,18,4,39,191,2,0,0,0,0,0,6,1,0,0,0,264.00
306.00,561,370,"3,812",28,18,4,39,191,2,0,0,0,0,0,6,1,0,0,0,264.00
306.00,561,370,"3,812",28,18,4,39,191,2,0,0,0,0,0,6,1,0,0,0,264.00
197.00,402,259,"2,919",14,12,2,47,209,1,0,0,0,0,0,0,1,0,0,0,218.00
173.00,438,242,"3,326",12,13,0,24,39,0,0,0,0,0,0,1,1,0,0,0,199.00
303.00,554,344,"3,986",27,12,0,39,70,2,0,0,0,0,0,0,1,0,0,0,185.00
422.00,616,380,"4,761",40,16,0,64,273,3,0,0,0,0,0,6,1,0,0,0,157.00
144.00,327,184,"2,206",11,14,0,25,127,3,0,0,0,0,0,4,1,0,0,0,156.00
7.00,7,3,38,1,0,0,1,5,0,0,0,0,0,0,0,1,0,0,0,143.00
7.00,10,4,52,1,0,0,8,0,0,0,0,0,0,0,0,1,0,0,0,130.00
277.00,478,289,"3,369",19,10,0,104,639,1,0,0,0,0,0,5,1,0,0,0,116.00
22.00,44,30,301,2,0,0,8,-11,0,0,0,0,0,0,1,1,0,0,0,106.00
142.00,311,186,"2,163",13,10,0,16,68,0,0,0,0,0,0,3,1,0,0,0,106.00
387.00,597,395,"4,727",39,15,2,24,-24,0,0,0,0,0,0,2,1,0,0,0,105.00
10.00,35,18,175,0,2,0,9,29,1,0,0,0,0,0,0,1,0,0,0,103.00
23.00,75,41,400,2,2,0,6,-2,0,0,0,0,0,0,0,1,0,0,0,76.00
24.00,41,24,303,3,2,0,6,-1,0,0,0,0,0,0,0,1,0,0,0,72.00
27.00,71,41,425,3,4,0,9,18,0,0,0,0,0,0,0,1,0,0,0,69.00
27.00,71,41,425,3,4,0,9,18,0,0,0,0,0,0,0,1,0,0,0,69.00
26.00,77,45,435,2,2,0,10,35,0,0,0,0,0,0,1,1,0,0,0,51.00
329.00,435,304,"3,705",34,9,0,26,61,0,0,0,0,0,0,3,1,0,0,0,50.00
85.00,179,107,"1,412",8,7,0,5,4,0,0,0,0,0,0,2,1,0,0,0,48.00
65.00,131,76,838,5,3,0,16,52,1,0,0,0,0,0,0,1,0,0,0,43.00
65.00,131,76,838,5,3,0,16,52,1,0,0,0,0,0,0,1,0,0,0,43.00
163.00,309,198,"2,418",14,11,0,34,87,1,0,0,0,0,0,3,1,0,0,0,39.00
17.00,48,26,223,2,1,0,3,9,0,0,0,0,0,0,0,1,0,0,0,35.00
45.00,121,64,604,3,2,0,26,153,0,0,0,0,0,0,2,1,0,0,0,32.00
-3.00,10,5,57,0,2,0,0,0,0,0,0,0,0,0,1,1,0,0,0,32.00
0.00,4,3,64,0,1,0,0,0,0,0,0,0,0,0,0,1,0,0,0,28.00
0.00,4,3,64,0,1,0,0,0,0,0,0,0,0,0,0,1,0,0,0,28.00
168.00,367,219,"2,525",13,13,0,59,238,1,0,0,0,0,0,3,1,0,0,0,23.00
131.00,284,180,"2,001",12,9,0,16,36,0,0,0,0,0,0,3,1,0,0,0,21.00
7.00,19,12,129,1,2,0,2,3,0,0,0,0,0,0,0,1,0,0,0,14.00
7.00,19,12,129,1,2,0,2,3,0,0,0,0,0,0,0,1,0,0,0,14.00
67.00,128,91,"1,057",4,3,0,16,66,1,0,0,0,0,0,1,1,0,0,0,11.00
67.00,128,91,"1,057",4,3,0,16,66,1,0,0,0,0,0,1,1,0,0,0,11.00
67.00,128,91,"1,057",4,3,0,16,66,1,0,0,0,0,0,1,1,0,0,0,11.00
67.00,128,91,"1,057",4,3,0,16,66,1,0,0,0,0,0,1,1,0,0,0,11.00
2.00,5,4,60,0,0,0,2,-3,0,0,0,0,0,0,0,1,0,0,0,8.00
25.00,93,45,562,2,4,0,0,0,0,0,0,0,0,0,0,1,0,0,0,8.00
0.00,3,1,10,0,0,0,0,0,0,0,0,0,0,0,0,1,0,0,0,8.00
96.00,185,105,"1,326",7,2,0,20,90,0,0,0,10,0,0,0,1,0,0,0,3.00
96.00,185,105,"1,326",7,2,0,20,90,0,0,0,10,0,0,0,1,0,0,0,3.00
0.00,1,1,0,0,0,0,0,0,0,0,0,0,0,0,0,1,0,0,0,1.00
58.00,97,65,701,5,0,0,8,24,0,0,0,0,0,0,0,1,0,0,0,1.00
2.00,0,0,0,0,0,0,0,0,0,0,1,16,0,0,0,1,0,0,0,0.00
2.00,0,0,0,0,0,0,0,0,0,0,1,16,0,0,0,1,0,0,0,0.00
2.00,0,0,0,0,0,0,0,0,0,0,1,16,0,0,0,1,0,0,0,0.00
0.00,4,2,21,0,0,0,2,-2,0,0,0,0,0,0,0,1,0,0,0,0.00
103.00,229,145,"1,657",8,7,0,10,10,1,0,1,0,0,0,1,1,0,0,0,0.00
12.00,27,19,182,1,0,0,10,9,0,0,0,0,0,0,0,1,0,0,0,0.00
7.00,28,16,157,0,0,0,4,15,0,0,0,0,0,0,0,1,0,0,0,0.00
101.00,240,132,"1,711",7,5,1,25,63,0,0,0,0,0,0,0,1,0,0,0,-1.00
101.00,240,132,"1,711",7,5,1,25,63,0,0,0,0,0,0,0,1,0,0,0,-1.00
352.00,572,347,"3,821",31,8,4,58,344,1,0,0,0,0,0,4,1,0,0,0,449.00
271.00,614,407,"4,591",21,16,1,36,63,0,0,0,0,0,0,5,1,0,0,0,412.00
365.00,627,428,"4,870",32,11,0,24,14,1,0,0,0,0,0,2,1,0,0,0,401.00
157.00,293,162,"1,881",15,12,1,33,196,0,0,0,0,0,0,1,1,0,0,0,364.00
344.00,543,379,"4,166",29,11,2,26,48,5,0,0,0,0,0,3,1,0,0,0,343.00
337.00,661,437,"4,792",29,13,2,17,28,0,0,0,0,0,0,2,1,0,0,0,321.00
337.00,661,437,"4,792",29,13,2,17,28,0,0,0,0,0,0,2,1,0,0,0,321.00
347.00,592,398,"4,262",32,13,0,44,159,1,0,1,-6,0,0,2,1,0,0,0,317.00
329.00,573,350,"3,987",32,13,1,33,138,0,0,0,0,0,0,3,1,0,0,0,316.00
377.00,606,355,"4,428",35,18,1,52,310,2,0,0,0,0,0,5,1,0,0,0,312.00
410.00,624,402,"4,770",36,7,0,34,53,3,0,1,36,0,0,2,1,0,0,0,307.00
264.00,469,319,"3,938",21,16,8,15,29,0,0,0,-3,0,0,0,1,0,0,0,306.00
307.00,535,312,"4,042",22,15,1,54,213,6,0,0,0,0,0,2,1,0,0,0,305.00
243.00,370,230,"2,818",19,10,3,34,252,2,0,1,41,1,0,6,1,0,0,0,304.00
393.00,483,329,"4,024",34,8,0,103,553,1,0,0,0,0,0,3,1,0,0,0,302.00
300.00,380,242,"3,035",20,6,0,104,568,4,1,1,4,0,0,1,1,0,0,0,290.00
372.00,537,342,"4,671",35,11,0,25,24,1,0,0,0,0,0,2,1,0,0,0,290.00
286.00,386,255,"3,250",25,7,0,57,142,3,0,0,0,0,0,2,1,0,0,0,289.00
447.00,495,296,"3,837",35,10,0,132,636,10,0,0,0,0,0,4,1,0,0,0,281.00
352.00,618,387,"4,432",35,14,0,20,61,0,0,0,0,0,0,4,1,0,0,0,274.00
185.00,413,266,"2,791",14,12,1,13,23,3,0,0,0,0,0,2,1,0,0,0,274.00
225.00,532,346,"3,725",19,14,0,26,39,0,0,0,0,0,0,3,1,0,0,0,256.00
299.00,470,307,"3,486",20,7,2,84,498,2,0,0,0,0,0,0,1,0,0,0,247.00
299.00,470,307,"3,486",20,7,2,84,498,2,0,0,0,0,0,0,1,0,0,0,247.00
116.00,244,144,"1,615",6,5,1,45,256,1,0,0,0,0,0,1,1,0,0,0,226.00
0.00,0,0,0,0,0,0,1,-1,0,0,0,0,0,0,0,1,0,0,0,223.00
297.00,586,363,"4,208",24,12,1,32,141,1,0,1,9,0,0,3,1,0,0,0,221.00
130.00,275,170,"1,967",10,6,0,21,61,1,0,0,0,0,0,1,1,0,0,0,191.00
336.00,562,335,"3,905",31,15,0,60,270,2,0,0,0,0,0,2,1,0,0,0,147.00
51.00,125,76,828,4,1,0,12,5,0,0,0,0,0,0,2,1,0,0,0,122.00
199.00,369,224,"2,606",19,7,0,15,44,0,0,0,0,0,0,2,1,0,0,0,90.00
199.00,369,224,"2,606",19,7,0,15,44,0,0,0,0,0,0,2,1,0,0,0,90.00
199.00,369,224,"2,606",19,7,0,15,44,0,0,0,0,0,0,2,1,0,0,0,90.00
143.00,282,178,"2,031",10,7,0,32,185,1,0,0,0,0,0,1,1,0,0,0,80.00
0.00,1,1,14,0,0,0,3,-2,0,0,0,0,0,0,0,1,0,0,0,69.00
0.00,1,1,14,0,0,0,3,-2,0,0,0,0,0,0,0,1,0,0,0,69.00
156.00,292,186,"2,109",12,4,2,20,98,1,0,0,0,0,0,6,1,0,0,0,65.00
156.00,292,186,"2,109",12,4,2,20,98,1,0,0,0,0,0,6,1,0,0,0,65.00
264.00,483,311,"3,659",21,11,1,38,201,1,0,0,0,0,0,5,1,0,0,0,54.00
0.00,4,1,6,0,0,0,5,-5,0,0,0,0,0,0,0,1,0,0,0,44.00
27.00,55,32,513,3,4,0,5,-5,0,0,0,0,0,0,1,1,0,0,0,42.00
27.00,55,32,513,3,4,0,5,-5,0,0,0,0,0,0,1,1,0,0,0,42.00
106.00,337,190,"2,052",7,10,1,17,20,1,0,0,0,0,0,2,1,0,0,0,33.00
106.00,337,190,"2,052",7,10,1,17,20,1,0,0,0,0,0,2,1,0,0,0,33.00
106.00,337,190,"2,052",7,10,1,17,20,1,0,0,0,0,0,2,1,0,0,0,33.00
1.00,6,4,36,0,0,0,7,-2,0,0,0,0,0,0,0,1,0,0,0,20.00
1.00,6,4,36,0,0,0,7,-2,0,0,0,0,0,0,0,1,0,0,0,20.00
69.00,204,119,"1,276",5,7,1,15,78,0,0,0,0,0,0,0,1,0,0,0,18.00
69.00,204,119,"1,276",5,7,1,15,78,0,0,0,0,0,0,0,1,0,0,0,18.00
3.00,32,16,150,0,1,0,2,1,0,0,0,0,0,0,0,1,0,0,0,11.00
-1.00,25,11,104,0,2,0,13,-13,0,0,0,0,0,0,0,1,0,0,0,11.00
-1.00,25,11,104,0,2,0,13,-13,0,0,0,0,0,0,0,1,0,0,0,11.00
0.00,1,1,4,0,0,0,3,-3,0,0,0,0,0,0,0,1,0,0,0,10.00
0.00,7,2,15,0,0,0,4,-5,0,0,0,0,0,0,0,1,0,0,0,9.00
0.00,7,2,15,0,0,0,4,-5,0,0,0,0,0,0,0,1,0,0,0,9.00
23.00,42,27,265,2,1,0,2,34,0,0,0,0,0,0,0,1,0,0,0,8.00
23.00,42,27,265,2,1,0,2,34,0,0,0,0,0,0,0,1,0,0,0,8.00
50.00,121,83,884,5,7,0,4,13,0,0,0,0,0,0,1,1,0,0,0,7.00
43.00,84,52,561,3,3,0,17,64,1,0,0,0,0,0,1,1,0,0,0,6.00
0.00,0,0,0,0,0,0,1,-1,0,0,0,0,0,0,0,1,0,0,0,1.00
14.00,32,23,142,2,1,0,0,0,0,0,0,0,0,0,1,1,0,0,0,1.00
14.00,32,23,142,2,1,0,0,0,0,0,0,0,0,0,1,1,0,0,0,1.00
32.00,80,52,540,3,4,0,4,10,0,0,0,0,0,0,0,1,0,0,0,0.00
32.00,80,52,540,3,4,0,4,10,0,0,0,0,0,0,0,1,0,0,0,0.00
32.00,80,52,540,3,4,0,4,10,0,0,0,0,0,0,0,1,0,0,0,0.00
0.00,2,2,4,0,0,0,2,-2,0,0,0,0,0,0,0,1,0,0,0,0.00
8.00,6,5,63,1,0,0,1,-1,0,0,0,0,0,0,0,1,0,0,0,0.00
39.00,91,59,616,4,4,0,6,22,0,0,0,0,0,0,1,1,0,0,0,-1.00
1.00,7,6,31,0,0,0,0,0,0,0,0,0,0,0,0,1,0,0,0,-2.00
76.00,244,136,"1,336",5,6,1,5,15,1,0,0,0,0,0,0,1,0,0,0,-2.00
76.00,244,136,"1,336",5,6,1,5,15,1,0,0,0,0,0,0,1,0,0,0,-2.00
302.00,546,353,"4,219",21,11,1,72,259,1,0,2,14,1,0,2,1,0,0,0,402.00
307.00,432,291,"3,554",28,2,1,28,64,0,0,0,0,0,0,0,1,0,0,0,352.00
238.00,607,379,"3,782",16,14,1,46,150,2,1,1,7,0,0,3,1,0,0,0,338.00
247.00,489,328,"3,502",15,8,2,48,134,5,0,1,3,0,0,4,1,0,0,0,334.00
281.00,510,270,"3,509",19,14,1,90,359,5,1,0,0,0,0,2,1,0,0,0,331.00
317.00,594,388,"4,327",24,10,1,37,207,2,0,0,0,0,0,2,1,0,0,0,326.00
343.00,606,406,"4,917",25,12,0,34,96,4,0,0,0,0,0,3,1,0,0,0,322.00
321.00,578,349,"4,386",33,21,0,14,35,0,0,0,0,0,0,5,1,0,0,0,320.00
306.00,509,328,"3,819",29,13,3,16,14,1,0,0,0,0,0,2,1,0,0,0,310.00
61.00,205,112,"1,089",5,7,0,8,16,1,0,0,0,0,0,2,1,0,0,0,305.00
401.00,673,471,"5,208",37,15,0,23,20,2,0,0,0,0,0,4,1,0,0,0,298.00
321.00,459,311,"3,667",23,4,0,57,282,6,0,0,0,0,0,4,1,0,0,0,295.00
312.00,625,368,"3,905",23,16,1,58,359,3,1,1,20,1,0,6,1,0,0,0,280.00
122.00,322,196,"2,201",9,11,0,20,51,1,0,0,0,0,0,1,1,0,0,0,274.00
412.00,534,373,"4,944",38,7,1,35,117,0,1,0,0,0,0,2,1,0,0,0,256.00
289.00,563,364,"4,206",18,8,0,46,184,4,0,0,0,0,0,3,1,0,0,0,252.00
316.00,560,357,"3,937",28,6,5,39,70,0,0,0,0,0,0,3,1,0,0,0,244.00
290.00,436,269,"3,023",17,6,1,95,580,6,1,0,0,0,0,2,1,0,0,0,239.00
305.00,567,345,"4,090",28,18,3,53,165,1,0,0,0,0,0,6,1,0,0,0,236.00
65.00,165,90,"1,100",6,6,1,7,21,0,0,0,0,0,0,4,1,0,0,0,235.00
304.00,451,276,"3,426",26,9,0,60,349,2,0,0,0,0,0,5,1,0,0,0,226.00
274.00,598,377,"4,027",26,16,0,21,-9,0,0,0,0,0,0,4,1,0,0,0,223.00
27.00,55,34,400,0,0,0,16,83,1,0,0,0,0,0,1,1,0,0,0,220.00
274.00,672,436,"4,317",20,15,4,21,58,2,0,0,0,0,0,3,1,0,0,0,212.00
274.00,672,436,"4,317",20,15,4,21,58,2,0,0,0,0,0,3,1,0,0,0,212.00
274.00,672,436,"4,317",20,15,4,21,58,2,0,0,0,0,0,3,1,0,0,0,212.00
54.00,137,81,"1,059",4,5,0,5,24,0,0,0,0,0,0,2,1,0,0,0,186.00
449.00,610,401,"4,428",40,7,1,67,369,4,1,0,0,0,0,4,1,0,0,0,157.00
223.00,486,289,"3,401",18,10,1,28,57,0,0,0,0,0,0,2,1,0,0,0,143.00
223.00,486,289,"3,401",18,10,1,28,57,0,0,0,0,0,0,2,1,0,0,0,143.00
-2.00,10,2,17,0,1,0,3,-2,0,0,0,0,0,0,0,1,0,0,0,134.00
290.00,597,364,"4,233",26,14,1,14,38,0,0,0,0,0,0,4,1,0,0,0,116.00
44.00,63,43,502,4,0,0,10,6,0,0,1,3,0,0,1,1,0,0,0,98.00
44.00,63,43,502,4,0,0,10,6,0,0,1,3,0,0,1,1,0,0,0,98.00
147.00,403,228,"2,710",12,17,0,33,130,0,0,0,0,0,0,1,1,0,0,0,84.00
191.00,510,301,"2,957",15,16,0,30,131,2,0,1,-14,0,0,1,1,0,0,0,74.00
80.00,160,91,925,5,6,0,40,173,2,0,1,-16,0,0,0,1,0,0,0,71.00
90.00,200,134,"1,445",6,0,0,7,-2,0,0,0,0,0,0,1,1,0,0,0,69.00
18.00,73,46,461,0,0,0,6,12,0,0,0,0,0,0,1,1,0,0,0,64.00
11.00,48,19,192,2,3,0,3,-3,0,0,0,0,0,0,0,1,0,0,0,59.00
69.00,87,55,721,8,3,0,1,-1,0,0,0,0,0,0,0,1,0,0,0,47.00
11.00,11,10,75,1,0,1,0,0,0,0,0,0,0,0,0,1,0,0,0,43.00
33.00,55,36,410,3,0,0,4,-4,0,0,0,0,0,0,0,1,0,0,0,42.00
33.00,55,36,410,3,0,0,4,-4,0,0,0,0,0,0,0,1,0,0,0,42.00
16.00,26,14,104,0,2,0,8,105,1,0,0,0,0,0,0,1,0,0,0,38.00
256.00,552,395,"3,877",20,5,0,20,53,0,0,1,5,0,0,5,1,0,0,0,32.00
36.00,133,75,809,3,7,0,5,19,0,1,0,0,0,0,1,1,0,0,0,24.00
0.00,5,2,22,0,0,0,1,0,0,0,0,0,0,0,0,1,0,0,0,20.00
30.00,83,49,497,2,1,0,11,25,0,0,0,0,0,0,0,1,0,0,0,18.00
6.00,26,11,131,0,0,1,8,22,0,0,0,0,0,0,1,1,0,0,0,15.00
8.00,14,8,126,1,1,0,2,9,0,0,0,0,0,0,0,1,0,0,0,13.00
-2.00,6,3,26,0,1,0,5,-6,0,0,0,0,0,0,0,1,0,0,0,13.00
-2.00,6,3,26,0,1,0,5,-6,0,0,0,0,0,0,0,1,0,0,0,13.00
42.00,86,53,558,4,2,0,6,-4,0,0,0,0,0,0,0,1,0,0,0,12.00
42.00,86,53,558,4,2,0,6,-4,0,0,0,0,0,0,0,1,0,0,0,12.00
42.00,86,53,558,4,2,0,6,-4,0,0,0,0,0,0,0,1,0,0,0,12.00
-2.00,6,3,19,0,1,0,1,-1,0,0,0,0,0,0,0,1,0,0,0,5.00
18.00,51,30,284,2,2,0,4,3,0,0,0,0,0,0,0,1,0,0,0,5.00
1.00,0,0,0,0,0,0,0,0,0,0,1,3,0,0,0,1,0,0,0,3.00
85.00,195,128,"1,380",6,2,1,11,18,0,0,0,0,0,0,1,1,0,0,0,2.00
10.00,37,23,216,1,2,0,6,3,0,0,0,0,0,0,0,1,0,0,0,1.00
10.00,37,23,216,1,2,0,6,3,0,0,0,0,0,0,0,1,0,0,0,1.00
10.00,37,23,216,1,2,0,6,3,0,0,0,0,0,0,0,1,0,0,0,1.00
0.00,0,0,0,0,0,0,1,-2,0,0,0,0,0,0,0,1,0,0,0,0.00
0.00,0,0,0,0,0,0,1,-2,0,0,0,0,0,0,0,1,0,0,0,0.00
0.00,0,0,0,0,0,0,1,-2,0,0,0,0,0,0,0,1,0,0,0,0.00
0.00,1,1,16,0,0,0,0,0,0,0,0,0,0,0,0,1,0,0,0,0.00
0.00,1,1,16,0,0,0,0,0,0,0,0,0,0,0,0,1,0,0,0,0.00
20.00,53,36,453,2,5,1,1,4,0,0,0,0,0,0,1,1,0,0,0,0.00
0.00,1,0,0,0,0,0,2,-1,0,0,0,0,0,0,0,1,0,0,0,-1.00
0.00,1,0,0,0,0,0,2,-1,0,0,0,0,0,0,0,1,0,0,0,-1.00
0.00,1,0,0,0,0,0,2,-1,0,0,0,0,0,0,0,1,0,0,0,-1.00
0.00,1,0,0,0,0,0,2,-1,0,0,0,0,0,0,0,1,0,0,0,-1.00
10.00,35,22,284,0,1,0,7,10,0,0,0,0,0,0,0,1,0,0,0,507.00
256.00,529,342,"4,095",20,12,0,32,143,0,0,0,0,0,0,3,1,0,0,0,418.00
310.00,561,360,"4,251",28,14,2,28,47,0,0,0,0,0,0,1,1,0,0,0,401.00
310.00,561,360,"4,251",28,14,2,28,47,0,0,0,0,0,0,1,1,0,0,0,401.00
204.00,204,126,"1,699",19,8,1,36,269,2,1,0,0,0,0,1,1,0,0,0,374.00
305.00,477,296,"3,804",28,7,0,28,51,1,0,0,0,0,0,3,1,0,0,0,366.00
298.00,536,386,"4,334",23,8,0,33,12,2,0,0,0,0,0,0,1,0,0,0,361.00
402.00,553,339,"3,983",34,11,2,95,586,3,0,0,0,0,0,3,1,0,0,0,359.00
157.00,238,154,"1,675",16,6,0,24,126,0,0,0,0,0,0,1,1,0,0,0,352.00
320.00,575,360,"4,515",28,10,0,18,-2,0,0,0,0,0,0,1,1,0,0,0,343.00
322.00,540,347,"4,093",27,13,0,49,179,4,0,0,0,0,0,5,1,0,0,0,337.00
352.00,581,385,"4,577",32,8,2,25,28,0,0,0,0,0,0,3,1,0,0,0,332.00
295.00,490,308,"3,324",22,13,0,57,357,6,0,0,0,0,0,3,1,0,0,0,322.00
331.00,492,291,"3,302",22,16,0,139,754,6,1,0,0,0,0,1,1,0,0,0,319.00
142.00,330,196,"2,193",7,7,0,41,248,2,1,0,0,0,0,3,1,0,0,0,301.00
142.00,330,196,"2,193",7,7,0,41,248,2,1,0,0,0,0,3,1,0,0,0,301.00
223.00,571,352,"3,468",19,13,0,12,26,1,0,0,0,0,0,5,1,0,0,0,276.00
244.00,515,323,"3,496",22,13,2,23,66,0,0,0,0,0,0,3,1,0,0,0,251.00
326.00,565,371,"4,446",29,10,1,29,98,0,0,0,0,0,1,7,1,0,0,0,243.00
274.00,481,325,"3,547",22,7,1,40,160,1,0,0,0,0,0,1,1,0,0,0,240.00
338.00,440,265,"3,296",33,7,4,64,299,0,0,0,0,0,0,3,1,0,0,0,234.00
236.00,442,282,"3,504",19,11,1,33,135,1,0,0,0,0,0,7,1,0,0,0,224.00
236.00,442,282,"3,504",19,11,1,33,135,1,0,0,0,0,0,7,1,0,0,0,224.00
252.00,496,297,"3,320",25,12,0,38,99,0,0,0,0,0,0,4,1,0,0,0,209.00
84.00,163,96,"1,103",7,3,0,15,78,0,0,0,0,0,0,0,1,0,0,0,194.00
84.00,163,96,"1,103",7,3,0,15,78,0,0,0,0,0,0,0,1,0,0,0,194.00
280.00,523,315,"3,687",21,13,3,57,322,2,0,0,0,0,0,3,1,0,0,0,192.00
226.00,453,281,"3,232",13,15,0,60,312,5,0,0,0,0,0,1,1,0,0,0,189.00
226.00,453,281,"3,232",13,15,0,60,312,5,0,0,0,0,0,1,1,0,0,0,189.00
226.00,453,281,"3,232",13,15,0,60,312,5,0,0,0,0,0,1,1,0,0,0,189.00
212.00,549,352,"3,141",18,13,1,25,54,1,0,0,0,0,0,0,1,0,0,0,156.00
334.00,505,341,"4,042",26,5,0,60,355,1,0,0,0,0,0,1,1,0,0,0,152.00
334.00,505,341,"4,042",26,5,0,60,355,1,0,0,0,0,0,1,1,0,0,0,152.00
334.00,505,341,"4,042",26,5,0,60,355,1,0,0,0,0,0,1,1,0,0,0,152.00
334.00,505,341,"4,042",26,5,0,60,355,1,0,0,0,0,0,1,1,0,0,0,152.00
42.00,101,57,537,5,2,0,11,3,0,0,0,0,0,0,2,1,0,0,0,87.00
94.00,224,123,"1,430",4,6,0,26,136,3,0,0,0,0,0,2,1,0,0,0,87.00
74.00,172,96,"1,088",5,5,2,14,64,1,0,0,0,0,0,1,1,0,0,0,76.00
98.00,178,120,"1,560",7,5,0,15,11,1,0,1,-6,0,0,0,1,0,0,0,56.00
98.00,178,120,"1,560",7,5,0,15,11,1,0,1,-6,0,0,0,1,0,0,0,56.00
239.00,420,263,"2,799",14,4,0,84,427,4,0,0,0,0,0,2,1,0,0,0,41.00
2.00,23,11,126,0,1,0,1,-1,0,0,0,0,0,0,0,1,0,0,0,41.00
71.00,171,95,"1,086",6,6,1,22,82,0,0,0,0,0,0,2,1,0,0,0,38.00
0.00,0,0,0,0,0,0,3,-2,0,0,0,0,0,0,0,1,0,0,0,35.00
0.00,0,0,0,0,0,0,3,-2,0,0,0,0,0,0,0,1,0,0,0,35.00
0.00,0,0,0,0,0,0,3,-2,0,0,0,0,0,0,0,1,0,0,0,35.00
0.00,0,0,0,0,0,0,3,-2,0,0,0,0,0,0,0,1,0,0,0,35.00
235.00,397,267,"2,926",18,9,0,37,124,5,0,0,0,0,0,4,1,0,0,0,21.00
235.00,397,267,"2,926",18,9,0,37,124,5,0,0,0,0,0,4,1,0,0,0,21.00
32.00,43,32,382,3,0,0,2,-3,0,0,0,0,0,0,0,1,0,0,0,17.00
0.00,1,1,10,0,0,0,1,2,0,0,0,0,0,0,0,1,0,0,0,14.00
43.00,140,93,833,4,5,0,4,4,0,0,0,0,0,0,3,1,0,0,0,12.00
12.00,49,24,252,2,5,0,7,23,0,0,0,0,0,0,0,1,0,0,0,11.00
-2.00,2,0,0,0,1,0,3,-3,0,0,0,0,0,0,0,1,0,0,0,9.00
0.00,8,2,17,0,0,0,2,-2,0,0,0,0,0,0,0,1,0,0,0,8.00
7.00,23,19,134,0,0,0,1,22,0,0,0,0,0,0,0,1,0,0,0,6.00
188.00,476,255,"2,894",11,22,0,77,419,5,0,0,0,0,0,6,1,0,0,0,6.00
3.00,7,2,35,0,1,0,8,54,0,0,0,0,0,0,0,1,0,0,0,3.00
3.00,7,2,35,0,1,0,8,54,0,0,0,0,0,0,0,1,0,0,0,3.00
0.00,2,0,0,0,0,0,5,-5,0,0,0,0,0,0,0,1,0,0,0,1.00
0.00,2,0,0,0,0,0,5,-5,0,0,0,0,0,0,0,1,0,0,0,1.00
0.00,2,0,0,0,0,0,5,-5,0,0,0,0,0,0,0,1,0,0,0,1.00
1.00,14,7,66,0,0,0,0,0,0,0,0,0,0,0,0,1,0,0,0,0.00
5.00,37,22,185,0,0,0,9,-2,0,0,0,0,0,0,1,1,0,0,0,0.00
5.00,37,22,185,0,0,0,9,-2,0,0,0,0,0,0,1,1,0,0,0,0.00
69.00,211,123,"1,287",4,4,0,9,4,1,0,0,0,0,0,1,1,0,0,0,0.00
69.00,211,123,"1,287",4,4,0,9,4,1,0,0,0,0,0,1,1,0,0,0,0.00
5.00,42,25,162,1,2,0,0,0,0,0,0,0,0,0,2,1,0,0,0,0.00
220.00,469,276,"3,098",13,7,0,63,260,4,0,0,0,0,0,3,1,0,0,0,0.00
13.00,36,21,212,1,0,0,4,12,0,0,0,0,0,0,2,1,0,0,0,-1.00
13.00,36,21,212,1,0,0,4,12,0,0,0,0,0,0,2,1,0,0,0,-1.00
13.00,36,21,212,1,0,0,4,12,0,0,0,0,0,0,2,1,0,0,0,-1.00
13.00,36,21,212,1,0,0,4,12,0,0,0,0,0,0,2,1,0,0,0,-1.00
162.00,170,99,"1,201",6,3,0,147,695,5,0,0,0,0,0,4,1,0,0,0,474.00
322.00,526,356,"3,885",22,8,1,75,305,6,1,0,0,0,0,6,1,0,0,0,385.00
359.00,427,280,"3,448",35,7,1,67,376,0,0,1,-11,0,0,2,1,0,0,0,379.00
224.00,378,244,"2,992",19,14,0,49,281,1,0,0,0,0,0,3,1,0,0,0,365.00
374.00,505,345,"4,165",26,9,0,99,551,5,0,0,0,0,0,3,1,0,0,0,364.00
507.00,580,383,"5,097",50,12,0,60,272,2,1,0,0,0,0,2,1,0,0,0,329.00
234.00,401,279,"3,074",21,7,1,34,93,0,0,1,4,0,0,6,1,0,0,0,322.00
352.00,597,372,"4,442",25,2,2,43,269,2,1,0,0,0,0,3,1,0,0,0,322.00
218.00,320,169,"2,074",10,12,1,89,631,8,0,0,0,0,0,2,1,0,0,0,318.00
418.00,608,422,"4,924",35,7,2,33,125,3,0,1,5,1,0,5,1,0,0,0,311.00
418.00,608,422,"4,924",35,7,2,33,125,3,0,1,5,1,0,5,1,0,0,0,311.00
332.00,570,375,"4,355",29,11,0,23,35,2,0,1,6,0,0,2,1,0,0,0,304.00
56.00,89,53,718,5,3,1,8,33,0,0,0,0,0,0,0,1,0,0,0,294.00
337.00,606,425,"4,298",30,10,3,44,123,1,0,1,-1,0,0,7,1,0,0,0,288.00
366.00,561,364,"4,688",32,12,3,43,108,2,0,0,0,0,0,5,1,0,0,0,284.00
343.00,508,347,"4,308",32,12,5,18,7,0,0,0,0,0,0,1,1,0,0,0,276.00
251.00,553,381,"4,049",19,10,1,24,47,1,0,1,-9,0,0,7,1,0,0,0,276.00
361.00,489,364,"3,992",32,5,1,31,22,4,0,1,1,0,0,1,1,0,0,0,274.00
194.00,246,164,"2,366",17,12,1,36,152,2,0,0,0,0,0,1,1,0,0,0,269.00
194.00,246,164,"2,366",17,12,1,36,152,2,0,0,0,0,0,1,1,0,0,0,269.00
194.00,246,164,"2,366",17,12,1,36,152,2,0,0,0,0,0,1,1,0,0,0,269.00
287.00,486,310,"3,725",27,14,1,39,131,0,0,0,0,0,1,3,1,0,0,0,262.00
172.00,274,176,"1,979",17,9,0,32,145,0,0,1,3,1,0,4,1,0,0,0,261.00
0.00,4,2,2,0,0,0,7,-7,0,0,0,0,0,0,0,1,0,0,0,244.00
209.00,365,226,"2,566",21,11,0,16,99,0,0,0,0,0,0,0,1,0,0,0,232.00
301.00,434,289,"3,223",24,12,4,68,421,3,0,0,0,0,0,3,1,0,0,0,228.00
193.00,414,239,"2,865",17,15,0,44,138,1,0,0,0,0,0,2,1,0,0,0,221.00
29.00,31,20,266,2,0,0,5,19,1,0,0,0,0,0,0,1,0,0,0,211.00
243.00,555,367,"3,777",21,11,0,25,71,0,0,0,0,0,0,4,1,0,0,0,201.00
243.00,555,367,"3,777",21,11,0,25,71,0,0,0,0,0,0,4,1,0,0,0,201.00
240.00,586,365,"3,890",18,15,0,26,93,2,0,0,0,0,0,2,1,0,0,0,125.00
9.00,23,14,118,1,1,0,11,5,0,0,0,0,0,0,0,1,0,0,0,103.00
189.00,331,228,"2,528",11,8,0,64,357,2,0,1,21,0,0,2,1,0,0,0,94.00
156.00,379,232,"2,465",12,6,0,19,45,0,0,0,0,0,0,1,1,0,0,0,94.00
29.00,7,3,64,0,1,0,37,196,2,0,3,4,0,0,1,1,0,0,0,91.00
29.00,7,3,64,0,1,0,37,196,2,0,3,4,0,0,1,1,0,0,0,91.00
29.00,7,3,64,0,1,0,37,196,2,0,3,4,0,0,1,1,0,0,0,91.00
276.00,576,380,"4,299",21,11,3,15,20,1,0,0,0,0,0,4,1,0,0,0,66.00
91.00,176,105,"1,003",6,2,1,25,130,2,0,0,0,0,0,1,1,0,0,0,63.00
91.00,176,105,"1,003",6,2,1,25,130,2,0,0,0,0,0,1,1,0,0,0,63.00
91.00,176,105,"1,003",6,2,1,25,130,2,0,0,0,0,0,1,1,0,0,0,63.00
91.00,176,105,"1,003",6,2,1,25,130,2,0,0,0,0,0,1,1,0,0,0,63.00
87.00,195,141,"1,413",7,4,0,9,17,0,0,1,10,0,0,2,1,0,0,0,43.00
1.00,7,5,20,0,0,0,1,0,0,0,1,-7,0,0,0,1,0,0,0,39.00
1.00,7,5,20,0,0,0,1,0,0,0,1,-7,0,0,0,1,0,0,0,39.00
35.00,76,53,515,3,2,0,13,3,0,0,1,8,0,0,0,1,0,0,0,30.00
0.00,2,1,7,0,0,0,11,-8,0,0,0,0,0,0,0,1,0,0,0,29.00
0.00,2,1,7,0,0,0,11,-8,0,0,0,0,0,0,0,1,0,0,0,29.00
130.00,393,217,"2,278",11,14,1,23,138,0,0,0,0,0,0,5,1,0,0,0,18.00
319.00,471,320,"3,395",24,13,2,101,488,4,0,0,0,0,0,0,1,0,0,0,18.00
0.00,3,1,8,0,0,0,3,-2,0,0,0,0,0,0,0,1,0,0,0,16.00
0.00,6,2,21,0,0,0,0,0,0,0,0,0,0,0,0,1,0,0,0,13.00
401.00,675,452,"5,129",34,16,4,31,98,3,0,1,-1,0,0,2,1,0,0,0,12.00
41.00,85,42,473,2,2,0,16,125,1,0,0,0,0,0,0,1,0,0,0,8.00
41.00,85,42,473,2,2,0,16,125,1,0,0,0,0,0,0,1,0,0,0,8.00
21.00,25,15,232,2,0,0,3,-2,0,0,0,0,0,0,0,1,0,0,0,7.00
12.00,21,15,174,1,0,0,0,0,0,0,0,0,0,0,0,1,0,0,0,6.00
12.00,21,15,174,1,0,0,0,0,0,0,0,0,0,0,0,1,0,0,0,6.00
31.00,54,34,372,3,3,0,10,63,0,0,0,0,0,0,0,1,0,0,0,3.00
31.00,54,34,372,3,3,0,10,63,0,0,0,0,0,0,0,1,0,0,0,3.00
31.00,54,34,372,3,3,0,10,63,0,0,0,0,0,0,0,1,0,0,0,3.00
148.00,274,176,"2,277",13,10,1,18,-16,0,0,0,0,0,0,0,1,0,0,0,0.00
148.00,274,176,"2,277",13,10,1,18,-16,0,0,0,0,0,0,0,1,0,0,0,0.00
21.00,110,60,539,1,4,0,5,32,0,0,0,0,0,0,0,1,0,0,0,0.00
0.00,3,2,23,0,0,0,7,-9,0,0,0,0,0,0,0,1,0,0,0,0.00
0.00,3,2,23,0,0,0,7,-9,0,0,0,0,0,0,0,1,0,0,0,0.00
0.00,3,2,23,0,0,0,7,-9,0,0,0,0,0,0,0,1,0,0,0,0.00
1.00,3,2,40,0,0,0,0,0,0,0,0,0,0,0,0,1,0,0,0,0.00
1.00,3,2,40,0,0,0,0,0,0,0,0,0,0,0,0,1,0,0,0,0.00
192.00,403,243,"2,718",13,11,0,58,365,1,0,0,0,0,0,4,1,0,0,0,0.00
192.00,403,243,"2,718",13,11,0,58,365,1,0,0,0,0,0,4,1,0,0,0,0.00
322.00,569,353,"4,002",26,4,2,46,183,1,1,0,0,0,0,4,1,0,0,0,469.00
318.00,461,271,"3,089",20,9,2,109,510,9,1,0,0,0,0,4,1,0,0,0,461.00
329.00,484,319,"4,031",26,5,1,43,218,2,0,0,0,0,0,2,1,0,0,0,439.00
379.00,516,341,"4,110",31,5,1,75,342,3,0,0,0,0,0,2,1,0,0,0,428.00
364.00,495,333,"3,852",26,12,1,82,413,7,0,1,6,1,0,3,1,0,0,0,421.00
311.00,542,349,"3,722",20,12,3,93,544,4,0,0,0,0,0,2,1,0,0,0,418.00
304.00,613,373,"4,057",24,8,1,26,34,3,0,0,0,0,0,1,1,0,0,0,408.00
261.00,286,201,"2,742",22,6,0,43,185,4,1,0,0,0,0,3,1,0,0,0,395.00
261.00,286,201,"2,742",22,6,0,43,185,4,1,0,0,0,0,3,1,0,0,0,395.00
474.00,401,265,"3,127",36,6,0,176,"1,206",7,0,0,0,0,0,2,1,0,0,0,375.00
288.00,444,307,"3,603",26,6,1,31,63,1,0,0,0,0,0,3,1,0,0,0,370.00
311.00,616,408,"4,466",26,14,1,34,147,1,0,0,0,0,0,5,1,0,0,0,327.00
12.00,62,35,351,0,1,0,1,7,0,0,0,0,0,0,0,1,0,0,0,326.00
276.00,513,361,"4,054",21,8,0,27,82,2,0,0,0,0,0,3,1,0,0,0,324.00
201.00,291,187,"2,499",19,5,0,20,66,0,0,0,0,0,0,3,1,0,0,0,301.00
262.00,534,317,"3,827",22,21,1,28,141,3,0,0,0,0,0,2,1,0,0,0,288.00
276.00,591,390,"4,615",23,20,1,12,29,0,0,0,0,0,0,3,1,0,0,0,281.00
284.00,626,394,"4,638",22,16,0,33,40,2,0,0,0,0,0,5,1,0,0,0,275.00
103.00,196,133,"1,384",9,2,0,28,31,0,0,0,0,0,0,0,1,0,0,0,262.00
18.00,89,50,572,0,1,0,5,-2,0,0,0,0,0,0,2,1,0,0,0,258.00
274.00,378,281,"2,979",27,4,0,9,-4,1,0,0,0,0,0,0,1,0,0,0,255.00
322.00,607,388,"4,039",27,7,2,62,243,1,0,0,0,0,0,7,1,0,0,0,223.00
79.00,156,100,"1,020",7,3,0,18,72,0,0,0,0,0,0,1,1,0,0,0,204.00
263.00,459,284,"3,027",24,12,2,45,279,2,0,0,0,0,0,11,1,0,0,0,198.00
263.00,459,284,"3,027",24,12,2,45,279,2,0,0,0,0,0,11,1,0,0,0,198.00
265.00,470,285,"3,271",21,6,3,67,344,0,0,0,0,0,0,7,1,0,0,0,188.00
228.00,516,326,"3,138",17,10,1,48,193,2,0,0,0,0,0,2,1,0,0,0,180.00
269.00,502,311,"3,529",20,13,1,54,243,4,0,0,0,0,0,2,1,0,0,0,172.00
232.00,528,314,"3,494",16,14,1,32,73,4,1,1,-4,0,0,4,1,0,0,0,158.00
385.00,596,388,"4,902",30,11,1,52,277,3,0,0,0,0,0,2,1,0,0,0,152.00
385.00,596,388,"4,902",30,11,1,52,277,3,0,0,0,0,0,2,1,0,0,0,152.00
221.00,441,273,"3,024",19,13,3,33,62,2,0,0,0,0,0,3,1,0,0,0,144.00
0.00,0,0,0,0,0,0,3,-3,0,0,0,0,0,0,0,1,0,0,0,138.00
43.00,117,77,736,3,2,1,4,23,0,0,0,0,0,0,2,1,0,0,0,119.00
43.00,117,77,736,3,2,1,4,23,0,0,0,0,0,0,2,1,0,0,0,119.00
43.00,117,77,736,3,2,1,4,23,0,0,0,0,0,0,2,1,0,0,0,119.00
85.00,203,119,"1,365",7,7,1,20,101,0,0,0,0,0,0,2,1,0,0,0,76.00
294.00,476,329,"3,978",27,13,2,46,62,1,0,0,0,0,0,5,1,0,0,0,74.00
6.00,10,6,56,1,0,0,2,0,0,0,0,0,0,0,1,1,0,0,0,73.00
94.00,262,171,"1,822",6,5,1,12,20,0,0,0,0,0,0,3,1,0,0,0,64.00
94.00,262,171,"1,822",6,5,1,12,20,0,0,0,0,0,0,3,1,0,0,0,64.00
35.00,84,39,515,3,2,0,10,39,0,0,0,0,0,0,0,1,0,0,0,56.00
211.00,489,303,"3,322",17,16,0,32,106,2,0,0,0,0,0,7,1,0,0,0,50.00
63.00,105,62,685,4,4,0,22,151,1,0,1,6,0,0,0,1,0,0,0,34.00
63.00,105,62,685,4,4,0,22,151,1,0,1,6,0,0,0,1,0,0,0,34.00
94.00,160,95,"1,203",7,2,0,24,129,0,0,0,0,0,0,0,1,0,0,0,27.00
94.00,160,95,"1,203",7,2,0,24,129,0,0,0,0,0,0,0,1,0,0,0,27.00
128.00,283,176,"1,765",13,9,0,21,42,0,0,0,0,0,0,0,1,0,0,0,22.00
3.00,27,18,122,0,1,0,2,14,0,0,0,0,0,0,0,1,0,0,0,18.00
3.00,27,18,122,0,1,0,2,14,0,0,0,0,0,0,0,1,0,0,0,18.00
28.00,87,41,474,2,2,0,10,77,0,0,0,0,0,0,3,1,0,0,0,18.00
244.00,447,272,"2,942",18,6,1,56,228,4,0,1,2,0,0,5,1,0,0,0,18.00
244.00,447,272,"2,942",18,6,1,56,228,4,0,1,2,0,0,5,1,0,0,0,18.00
0.00,3,0,0,0,0,0,3,-3,0,0,0,0,0,0,0,1,0,0,0,15.00
-2.00,4,2,14,0,1,0,2,-2,0,0,0,0,0,0,0,1,0,0,0,14.00
-2.00,4,2,14,0,1,0,2,-2,0,0,0,0,0,0,0,1,0,0,0,14.00
-2.00,4,2,14,0,1,0,2,-2,0,0,0,0,0,0,0,1,0,0,0,14.00
30.00,64,45,435,3,2,0,6,6,0,0,0,0,0,0,0,1,0,0,0,12.00
0.00,0,0,0,0,0,0,1,1,0,0,0,0,0,0,0,1,0,0,0,10.00
7.00,51,27,359,0,3,0,2,-4,0,0,0,0,0,0,1,1,0,0,0,10.00
7.00,51,27,359,0,3,0,2,-4,0,0,0,0,0,0,1,1,0,0,0,10.00
7.00,51,27,359,0,3,0,2,-4,0,0,0,0,0,0,1,1,0,0,0,10.00
8.00,6,4,33,1,0,0,10,7,0,0,0,0,0,0,0,1,0,0,0,8.00
8.00,6,4,33,1,0,0,10,7,0,0,0,0,0,0,0,1,0,0,0,8.00
365.00,626,380,"5,109",33,30,2,59,250,1,2,0,0,0,0,5,1,0,0,0,2.00
365.00,626,380,"5,109",33,30,2,59,250,1,2,0,0,0,0,5,1,0,0,0,2.00
29.00,65,35,372,4,4,0,8,2,0,0,0,0,0,0,1,1,0,0,0,2.00
13.00,38,23,225,1,2,0,20,70,0,0,0,0,0,0,0,1,0,0,0,2.00
13.00,38,23,225,1,2,0,20,70,0,0,0,0,0,0,0,1,0,0,0,2.00
13.00,38,23,225,1,2,0,20,70,0,0,0,0,0,0,0,1,0,0,0,2.00
13.00,38,23,225,1,2,0,20,70,0,0,0,0,0,0,0,1,0,0,0,2.00
13.00,38,23,225,1,2,0,20,70,0,0,0,0,0,0,0,1,0,0,0,2.00
125.00,247,160,"1,707",11,5,0,9,12,1,0,0,0,0,0,3,1,0,0,0,1.00
125.00,247,160,"1,707",11,5,0,9,12,1,0,0,0,0,0,3,1,0,0,0,1.00
125.00,247,160,"1,707",11,5,0,9,12,1,0,0,0,0,0,3,1,0,0,0,1.00
39.00,67,50,580,3,1,1,3,-3,0,0,0,0,0,0,1,1,0,0,0,0.00
16.00,37,21,225,0,1,0,5,39,1,0,0,0,0,0,0,1,0,0,0,0.00
16.00,37,21,225,0,1,0,5,39,1,0,0,0,0,0,0,1,0,0,0,0.00
0.00,4,3,15,0,0,0,5,-7,0,0,0,0,0,0,0,1,0,0,0,0.00
59.00,174,94,984,4,6,0,8,31,0,0,1,19,1,0,0,1,0,0,0,0.00
59.00,174,94,984,4,6,0,8,31,0,0,1,19,1,0,0,1,0,0,0,0.00
